24D83C3E2776624E8BB49ED6F4F112BB,40A8BE4EB1BAC39233318A8446E86FF4
8725A926F69162D9F0B76B0F5EB9A4A1,40A8BE4EB1BAC39233318A8446E86FF4
24D83C3E2776624E8BB49ED6F4F112BB,946D3E27046298C03FAEAF9EB0EC35CE
8725A926F69162D9F0B76B0F5EB9A4A1,946D3E27046298C03FAEAF9EB0EC35CE
CE83B0B63EA1A16E6314C014195E229A,A6C49E5AFE4DB31EC203521700B19702
37FF2899BBD8CA77A8F97A29D9366DDF,01E2E4BA3584EAFD77D305F8091DA323
09F19437EF96C0132F704BEB03DC1B71,01E2E4BA3584EAFD77D305F8091DA323
8725A926F69162D9F0B76B0F5EB9A4A1,35628E49FAF7EE16CF0A65C9C60949D4
2FE3C278C0EC2D804C18AC718A7C6D7A,9F958A02810D9D00B474B3E66CCCF6EB
33405D65422824860AB560C49066CDCB,9F958A02810D9D00B474B3E66CCCF6EB
7DF568C71D9EAFFD40FD90FDA695B29E,9F958A02810D9D00B474B3E66CCCF6EB
CD7B5758741E102BE6EB189B9D4B2A4C,9F958A02810D9D00B474B3E66CCCF6EB
8725A926F69162D9F0B76B0F5EB9A4A1,24D83C3E2776624E8BB49ED6F4F112BB
40A8BE4EB1BAC39233318A8446E86FF4,8725A926F69162D9F0B76B0F5EB9A4A1
EB2E28AC62DAA912198F424825E11A9A,8725A926F69162D9F0B76B0F5EB9A4A1
7DF568C71D9EAFFD40FD90FDA695B29E,7DD57D16F73CCCE15F5DD4EAEDD859C1
2FE3C278C0EC2D804C18AC718A7C6D7A,33405D65422824860AB560C49066CDCB
9F958A02810D9D00B474B3E66CCCF6EB,33405D65422824860AB560C49066CDCB
A4E2914F7830F5768C7E810EACA8A83E,F3D923695C205940803FE8EF058A7614
CD7B5758741E102BE6EB189B9D4B2A4C,34B92866E60840C94019163B877A038E
7DD57D16F73CCCE15F5DD4EAEDD859C1,BFF5811CC248F332E28F7B4D1C2D31DB
8725A926F69162D9F0B76B0F5EB9A4A1,EB2E28AC62DAA912198F424825E11A9A
2FE3C278C0EC2D804C18AC718A7C6D7A,CD7B5758741E102BE6EB189B9D4B2A4C
37FF2899BBD8CA77A8F97A29D9366DDF,CD7B5758741E102BE6EB189B9D4B2A4C
97F9D7FBF88071ECDD24F26BE2F92EEA,CD7B5758741E102BE6EB189B9D4B2A4C
9F958A02810D9D00B474B3E66CCCF6EB,CD7B5758741E102BE6EB189B9D4B2A4C
37FF2899BBD8CA77A8F97A29D9366DDF,CE83B0B63EA1A16E6314C014195E229A
01E2E4BA3584EAFD77D305F8091DA323,37FF2899BBD8CA77A8F97A29D9366DDF
09F19437EF96C0132F704BEB03DC1B71,37FF2899BBD8CA77A8F97A29D9366DDF
CD7B5758741E102BE6EB189B9D4B2A4C,37FF2899BBD8CA77A8F97A29D9366DDF
33405D65422824860AB560C49066CDCB,2FE3C278C0EC2D804C18AC718A7C6D7A
9F958A02810D9D00B474B3E66CCCF6EB,2FE3C278C0EC2D804C18AC718A7C6D7A
EC6DAE463977E52FB0A5BEDA1895568D,2FE3C278C0EC2D804C18AC718A7C6D7A
CD7B5758741E102BE6EB189B9D4B2A4C,2FE3C278C0EC2D804C18AC718A7C6D7A
09F19437EF96C0132F704BEB03DC1B71,A4E2914F7830F5768C7E810EACA8A83E
F3D923695C205940803FE8EF058A7614,A4E2914F7830F5768C7E810EACA8A83E
A4E2914F7830F5768C7E810EACA8A83E,09F19437EF96C0132F704BEB03DC1B71
37FF2899BBD8CA77A8F97A29D9366DDF,09F19437EF96C0132F704BEB03DC1B71
F3D923695C205940803FE8EF058A7614,09F19437EF96C0132F704BEB03DC1B71
CD7B5758741E102BE6EB189B9D4B2A4C,97F9D7FBF88071ECDD24F26BE2F92EEA
A6C49E5AFE4DB31EC203521700B19702,54AF401D296A0359944594A5E49FDD07
01E2E4BA3584EAFD77D305F8091DA323,54AF401D296A0359944594A5E49FDD07
37FF2899BBD8CA77A8F97A29D9366DDF,54AF401D296A0359944594A5E49FDD07
2FE3C278C0EC2D804C18AC718A7C6D7A,EC6DAE463977E52FB0A5BEDA1895568D
7DD57D16F73CCCE15F5DD4EAEDD859C1,7DF568C71D9EAFFD40FD90FDA695B29E
33405D65422824860AB560C49066CDCB,7DF568C71D9EAFFD40FD90FDA695B29E
9F958A02810D9D00B474B3E66CCCF6EB,7DF568C71D9EAFFD40FD90FDA695B29E
7DD57D16F73CCCE15F5DD4EAEDD859C1,946D3E27046298C03FAEAF9EB0EC35CE
7DD57D16F73CCCE15F5DD4EAEDD859C1,0C225D7CA7817F462A0744C87C8FD8D3
